lanina_weight,order,val_recall_LN,val_bal_acc,val_macro_f1,val_recall_El_Nino,val_recall_Neutral
1.0,0,0.475,0.7134095484613172,0.6799684312564875,0.8947368421052632,0.7704918032786885
1.5,1,0.55,0.6946937014667817,0.6534836156684896,0.8947368421052632,0.639344262295082
2.0,2,0.55,0.6728357779695139,0.6271735238717913,0.8947368421052632,0.5737704918032787
2.5,3,0.625,0.6869068162208801,0.6370538338792308,0.8947368421052632,0.5409836065573771
3.0,4,0.65,0.6897756686798965,0.6376587225697955,0.8947368421052632,0.5245901639344263
4.0,5,0.75,0.6903221167673282,0.6232170287469826,0.8947368421052632,0.4262295081967213
